rms,zcr,centroid,bandwidth,rolloff,mfcc_0,mfcc_1,mfcc_2,mfcc_3,mfcc_4,mfcc_5,mfcc_6,mfcc_7,mfcc_8,mfcc_9,mfcc_10,mfcc_11,mfcc_12,label
0.09724631,0.043878728693181816,1885.8990953211373,2578.495095182593,4392.7734375,-229.52486,97.62857,57.151867,39.986588,-7.944188,20.283377,13.366858,-5.7969584,-5.041942,9.9340315,-2.3362384,12.1101265,-0.99700636,ripe
0.19417186,0.06793767755681818,2246.6288126531263,2803.4231732063026,5179.714133522727,-239.09833,80.42038,53.219093,35.17628,19.46594,19.692326,5.44727,14.456778,2.7898204,6.9664807,-1.0473113,8.149747,0.88975215,ripe
0.111019224,0.07157759232954546,2458.526913343336,2640.4105960996108,5114.1357421875,-200.38326,76.43775,41.538795,42.222103,-7.693616,20.142036,7.096318,7.5426464,2.8036747,4.425302,2.9513597,4.99936,3.0647767,ripe
0.067747995,0.23532936789772727,4275.8878103184,3070.7820069098498,7699.098899147727,-261.4218,17.211998,44.645756,36.0743,-8.006318,25.920544,4.6244454,16.317286,1.5517582,11.373892,2.2684531,13.699543,-0.90902215,ripe
0.111183256,0.11527876420454546,2633.110044592313,2507.07391557406,5434.197443181818,-168.02982,76.55054,-5.4284835,43.92444,0.023981094,10.629543,-3.7812808,-2.9148805,11.910669,9.99115,-2.0417473,5.230898,-7.6145554,ripe
0.18067074,0.27021928267045453,3954.66553765224,2531.9004881529563,6581.329900568182,-59.043785,21.721985,8.715472,57.572994,-18.058985,11.587478,-6.4960127,10.128328,5.133974,7.9904523,-2.9626257,8.84268,-1.9637841,ripe
0.049188267,0.1527432528409091,3188.2382608694897,2688.5808212841384,6063.554243607955,-307.5015,49.39387,38.08652,50.78158,-8.939865,11.805695,-0.7877131,19.951042,2.1324916,10.918625,-2.643009,4.027667,3.492381,ripe
0.13559407,0.10427024147727272,2539.4605648104134,2546.197469788301,5238.441051136364,-143.42944,85.745026,20.608728,33.388878,-24.414238,22.719666,2.608407,15.145413,7.525664,-9.259109,-0.51432556,1.7301186,-4.5867057,ripe
0.11067851,0.03500088778409091,1856.8901148875414,2478.03737965143,4150.035511363636,-236.22197,86.309906,33.36877,52.474827,15.266217,8.393474,7.857869,6.277183,0.3755739,11.485546,-1.0452384,8.120704,2.6748314,ripe
0.057266865,0.09778941761363637,2345.660732787843,2742.051834142856,5437.1337890625,-357.31287,69.02438,41.521786,54.452,17.361217,16.199339,6.864885,9.880259,1.3694508,4.824254,3.8277242,-1.9596592,-1.3496791,ripe
0.041990384,0.06298828125,1958.540784972014,2351.3508247716763,4067.8178267045455,-329.44754,91.78704,53.46212,56.643875,-4.3491745,16.403463,-1.4866658,8.474492,4.299863,-0.77556723,2.6748457,5.9008512,6.447464,ripe
0.1571766,0.15032404119318182,2825.9092956142867,2472.5120147590656,5402.387029474432,-110.644585,69.81007,-0.2848386,46.00139,-22.731478,12.275817,-1.5469886,2.9814768,7.1131253,-1.6375843,-9.060464,9.266618,-1.3921523,ripe
0.13417636,0.09772283380681818,2118.3733401511086,2260.8857641825825,4353.622159090909,-141.23317,101.626854,1.1165118,23.287666,-22.726934,10.056458,12.358447,18.039001,2.509307,10.849926,8.271877,5.0707946,-2.8264508,ripe
0.08951782,0.054132634943181816,1722.194695426352,2310.283247436546,3590.66162109375,-228.25568,101.14471,38.57408,45.338615,0.011152181,14.257697,7.213409,7.247019,-4.6125627,3.4299688,4.8327675,3.3620858,1.1306407,ripe
0.03830819,0.15802556818181818,3023.694666152951,2910.835287693814,6354.252485795455,-347.03607,58.546703,30.80681,32.8489,-2.9645636,22.513037,7.1358366,10.113543,12.503056,2.3673575,1.8973836,6.298534,-1.4233886,ripe
0.0943273,0.14732776988636365,2792.9798344115334,2529.193172813451,5479.221413352273,-175.58131,76.50799,13.404441,21.488625,-8.336907,25.189026,7.7735744,8.466164,-1.2326633,-6.238698,1.8936242,18.261534,-5.3986716,ripe
0.078666575,0.10158469460227272,2023.5576809685642,2223.9191796015666,3804.0360884232955,-239.50307,99.24639,26.05138,39.113255,-7.803657,22.366522,8.166384,13.6813345,1.2442453,-1.2067169,4.996695,4.185673,0.33016396,ripe
0.1614934,0.1538973721590909,2945.5655314056185,2601.430220996276,5880.522017045455,-121.696014,57.564724,2.0580533,45.801815,-3.296567,15.306147,-3.098268,2.2923143,9.5713,16.526888,-1.032948,1.7112122,-5.8369613,ripe
0.09980912,0.07377485795454546,2030.4977085272023,2409.6933612317666,4419.68994140625,-212.9228,96.222404,25.790905,46.970924,-1.1800761,7.8151064,15.280816,5.9225693,-2.591514,14.146054,1.877552,6.253984,-1.9099631,ripe
0.05531813,0.060546875,2131.2365500215683,2664.6895523349017,4903.208229758523,-329.12698,74.75541,60.350708,61.313793,6.468553,14.151693,4.2996397,8.684826,6.9248676,6.887097,6.923294,9.042896,1.6761212,ripe
0.17460515,0.07523970170454546,2204.824762606674,2405.721751644205,4693.748890269886,-158.22455,84.31458,9.114773,54.01337,-7.1034393,5.003643,0.9699304,-2.2397358,2.392277,-0.65622145,-3.902952,8.779942,1.9425069,ripe
0.09099464,0.052068536931818184,2307.699022699801,2781.684462590756,5552.630060369318,-216.0313,87.95013,36.905758,26.391783,1.2073445,18.849174,4.5605106,11.059402,-0.103969336,6.8615522,-3.1887398,9.178521,-4.0956492,ripe
0.08713807,0.2025479403409091,3409.2203372315566,2514.4853108540165,6018.040882457386,-231.24684,33.77606,1.8223466,67.357994,-5.9863906,21.44129,3.6898172,6.4030375,6.1852665,10.368847,4.928004,2.9548972,-9.720981,ripe
0.10050306,0.044256036931818184,1838.9084754634323,2532.4103865345683,4318.386008522727,-246.83466,91.51354,48.089684,44.909817,1.1956414,18.090261,10.489624,5.3087816,9.7811575,-1.2796326,4.2453537,10.97681,-0.20919858,ripe
0.09335265,0.14992453835227273,3083.1772780061565,2995.6869487590902,6720.316938920455,-231.34154,64.41093,40.4375,24.176233,-24.992964,21.42632,5.254061,9.374755,13.655608,5.6854343,-4.393352,12.52226,-1.828664,ripe
0.02642106,0.0621337890625,1833.8894228420547,2346.868547085487,3911.6409301757812,-345.95764,104.30246,31.602764,38.444397,3.6589334,7.998869,0.794971,5.4624763,7.4627066,13.443901,6.8925786,6.1957083,3.4815638,ripe
0.07440103,0.161376953125,3177.903040428335,2650.680014260041,6133.047762784091,-275.3313,51.77524,20.590353,54.358288,-8.492314,9.458806,4.2844005,-8.668371,-4.2006574,8.064481,-3.0113175,11.385993,1.4150603,ripe
0.13589455,0.08853426846590909,2197.3628059267216,2377.381801842692,4445.627663352273,-150.46346,97.26611,2.2087681,33.087833,-9.980518,14.314328,10.02967,2.6844597,4.5756044,0.5085561,-5.3530025,6.47399,-7.3476853,ripe
0.17686273,0.14643998579545456,2659.521700635089,2386.5135315073803,5212.992720170455,-80.11695,81.10152,-7.898592,45.69619,-28.537691,6.0930176,-4.8408937,5.661732,1.6507401,9.342083,-11.879309,9.680877,3.4192595,ripe
0.047487102,0.025856711647727272,1127.4337379104347,2247.3557801996435,2733.248623934659,-411.81506,101.386795,65.01761,49.826694,19.903425,30.301258,14.03606,3.9642832,5.730502,11.775399,10.9458,1.2513922,4.5672116,ripe
0.08883173,0.07171075994318182,1858.8386996315305,2255.6485573999857,4063.4133078835225,-258.95642,98.1071,27.199791,48.997494,-10.041562,21.185675,-0.756152,13.087939,7.893999,4.6501083,12.037238,-2.8008127,-3.3926542,ripe
0.19660702,0.14830433238636365,2710.2512587148294,2332.355967460531,5107.284268465909,-75.87307,73.48611,-14.054477,54.693077,-16.10414,7.965401,-3.2996264,5.170017,4.9317303,5.1591763,-6.4553957,14.211811,5.765205,ripe
0.100241154,0.16228693181818182,3618.573210453408,3078.57100105799,7372.675115411932,-219.70277,43.508938,39.718674,40.662,-7.034082,19.819336,9.408454,7.8936048,-10.357324,7.05197,-5.8877306,10.130052,3.2764091,ripe
0.05990639,0.023726029829545456,919.2415589108903,1907.1394528239819,1574.8601740056818,-394.4287,109.76293,69.74273,64.04319,10.809769,25.861267,21.476507,18.172388,6.628879,5.0743556,0.062123213,0.96625924,3.4217567,ripe
0.08612068,0.16339666193181818,2868.5513126261485,2688.711002670248,5641.69921875,-374.52957,51.932705,39.380775,49.62402,12.534622,26.417458,10.68774,8.189652,6.3464494,8.209995,3.172074,7.7197223,2.6818724,ripe
0.017467301,0.21417791193181818,4010.4974084789906,3108.1766293559963,7802.849786931818,-351.16946,18.817944,47.434315,39.43596,8.128078,23.287682,7.7039585,12.283545,7.8332424,15.757022,12.062214,9.767795,0.62542063,ripe
0.1736675,0.1908291903409091,2996.92373921283,2394.183336987435,5407.280939275568,-88.978195,60.53115,-11.94798,51.487473,-11.265443,7.346777,-8.9868555,-1.4187171,-3.2838204,2.6495981,0.36929998,13.1620455,0.099427156,ripe
0.057886824,0.3378684303977273,4768.892205959791,2922.5404257901555,8235.960804332386,-187.65497,-18.83437,24.50056,47.945972,18.068758,27.604078,10.68736,12.155594,1.0513501,13.514212,6.8075886,11.20245,-0.7514296,ripe
0.14095801,0.15904651988636365,3030.1387241985067,2429.001045959329,5352.958540482955,-140.20926,60.27167,-3.6720927,48.335194,-24.635101,19.686653,14.13873,-2.452059,7.3860326,8.646427,1.2494864,9.674922,-6.6365666,ripe
0.11749614,0.21775124289772727,3776.759308677478,3320.291880841804,7965.816983309659,-162.38895,44.50438,58.965397,45.36771,8.728835,2.4200003,-3.0335023,-5.235353,-13.999859,3.4188926,-4.324013,9.649876,2.2603953,ripe
0.107946254,0.06014737215909091,1859.3828510878523,2201.3985135478365,3813.823908025568,-203.26251,103.11804,17.949385,57.766396,-1.4211396,-1.901793,8.266907,7.5367756,-1.6512622,-5.789456,0.061807048,9.2972975,1.3850955,ripe
0.09417238,0.06591796875,2038.0499965502158,2433.552136632886,4573.848100142045,-225.58784,91.81733,21.496258,44.894905,-1.3888323,9.834191,1.253633,2.7250443,0.6349284,3.4930909,1.5166202,9.377395,-3.9562523,ripe
0.1817031,0.2648037997159091,3792.060613109834,2799.5287730601526,7122.10693359375,-86.71577,33.99768,3.2942667,32.22916,-3.2879555,9.083596,-7.4538617,6.013309,-1.8558555,1.2046195,-1.949765,12.903718,-3.9372687,ripe
0.035749566,0.10884232954545454,2118.627455784923,2434.9636707249415,4595.381303267045,-425.75476,81.37234,37.34131,50.053288,3.8430624,26.79815,18.003817,10.578834,3.9726152,8.712077,9.149388,3.0745935,6.7593675,ripe
0.11667686,0.10910866477272728,2534.5360690873886,2538.125358239022,5025.066583806818,-160.15428,69.64816,24.612658,66.30855,-5.8587146,8.754361,7.429999,7.0099807,0.028032238,14.4111595,-1.6656567,3.0795655,2.9727623,ripe
0.090203315,0.03819691051136364,1549.237302761389,2356.36932751706,3520.6787109375,-265.53665,108.08881,52.89652,41.294052,12.047545,21.722157,10.111024,7.352757,-1.3366925,12.020358,1.3007224,6.812602,2.4165878,ripe
0.10195925,0.2203036221590909,3733.9397038688344,2609.5516409979746,6473.663884943182,-138.72633,32.671383,-3.239628,40.634895,-9.701704,25.273127,-3.8891757,7.363925,6.94899,8.41742,-2.5080068,12.456696,0.7182993,ripe
0.12315555,0.1485262784090909,2876.4678987602088,2321.3707670179942,5221.312366832386,-136.46446,54.651695,-1.5693517,71.1248,-2.6019557,1.8142437,-4.434934,3.1972349,8.286875,5.618974,-1.2289776,14.303962,2.8183434,ripe
0.09748774,0.20920632102272727,3570.3705510901523,2798.7600450571704,6897.965864701705,-251.51527,46.198513,4.2010236,24.722942,-1.2633797,20.078833,-4.055311,-0.19284628,10.217431,4.63908,-0.19336991,12.034499,-9.804648,ripe
0.13148077,0.04612038352272727,1681.6688238726651,2351.530072436081,3949.874600497159,-287.47144,92.12783,48.623905,59.856777,17.559057,25.477386,5.571283,7.4075165,12.965607,12.920368,-0.65578175,4.318851,3.3452394,ripe
0.092092656,0.05018199573863636,1621.3002585793859,2250.0377752398604,3889.190118963068,-321.27316,101.4122,34.968307,51.309486,12.907513,15.771637,11.936858,13.364166,-1.1731404,9.546788,7.9528275,-0.9638596,3.121773,ripe
0.029009722,0.08729137073863637,2147.081927740095,2591.2580541022025,4832.735928622159,-395.0577,64.5961,31.801714,50.738815,10.636124,36.596878,11.956013,8.595931,8.36128,13.616525,8.233694,8.5351715,3.1881468,ripe
0.12174139,0.24840198863636365,3488.9078559211816,2570.7905714376298,6263.225763494318,-201.06078,51.55914,-10.134805,30.956348,-14.6954155,5.944037,-0.24024586,0.97137564,5.3029346,8.472406,-6.0830016,4.0451336,-2.0584211,ripe
0.13088329,0.10154030539772728,2135.556472972348,2241.2320492380563,4365.85693359375,-222.3926,87.50252,8.967635,61.584213,-3.0496743,0.57361794,-4.9294343,14.849626,16.258852,4.916293,-0.68497354,5.9184403,3.0474036,ripe
0.10443506,0.038640802556818184,1574.2466140129554,2228.610677062687,3772.225674715909,-213.58852,108.231445,27.519043,53.22374,3.6083665,19.584438,2.06061,13.0876,3.8142354,0.6714544,4.553948,4.887296,-1.8487816,ripe
0.09170852,0.12082741477272728,2788.0052699938988,2840.297461872247,6200.094327059659,-197.6254,72.10088,26.23374,31.73363,-6.1536374,10.431893,-1.1894547,-4.4106555,2.7335937,0.004535021,2.284982,16.584229,0.6759214,ripe
0.13477752,0.10500266335227272,2588.9176347562952,2365.421308490289,4956.062455610795,-201.86342,58.96193,9.172443,52.73595,1.9604412,11.606013,16.508842,15.178501,2.344838,10.100483,1.9482163,7.13864,-2.0024512,ripe
0.102806024,0.050847833806818184,1752.776964838313,2397.543143611054,4167.653586647727,-196.91925,114.97989,35.01344,29.415083,3.7174346,17.1641,4.4066153,16.353592,-17.916817,8.728,5.856183,1.8178731,3.0422683,ripe
0.12316678,0.16204279119318182,3382.395726428768,2770.17458240413,6529.94384765625,-165.74107,43.229374,36.656055,63.535618,-12.308419,11.771963,-5.0482717,0.9559634,4.380375,4.8007545,-7.211992,15.181308,5.52466,ripe
0.123514265,0.08660333806818182,2360.7944337207377,2454.0875153389907,4752.965198863636,-182.65436,73.64389,21.17155,42.21544,1.6522591,19.879534,-1.9149045,7.6723266,7.5668764,5.3608155,-1.300592,9.251941,-2.1430426,ripe
0.081070326,0.10824307528409091,2288.480451147537,2495.523333856438,4852.800958806818,-291.74326,81.741425,38.516483,49.02595,9.877711,12.620223,12.07936,16.58891,3.2790372,10.810425,-4.2557864,2.2794955,1.93793,ripe
0.12592173,0.06276633522727272,1291.7862492748222,1937.3945099712275,2856.5751509232955,-350.8997,115.84065,49.0182,46.41147,22.701265,11.25702,11.053876,11.062831,4.6567287,4.7615833,5.7926445,0.95097727,2.572618,ripe
0.15248877,0.07257634943181818,1952.2528860274545,2241.9550939629967,4432.414106889205,-141.9566,102.556694,6.9546385,53.748642,-11.347201,14.632117,-1.1202608,12.486933,7.664392,-2.8226943,-5.761712,13.493865,-5.725799,ripe
0.124668024,0.07386363636363637,2072.9567904848295,2390.838916111714,4554.2724609375,-136.30396,100.211235,11.818466,30.176577,-11.657022,9.374063,5.445046,4.5802712,-1.3693999,8.816814,0.6318349,7.838617,-3.1359682,ripe
0.19686879,0.07215465198863637,2082.3842153233413,2449.39606741697,4741.219815340909,-130.34955,91.8544,10.7783575,47.772537,11.042609,4.780387,-3.9224389,21.55008,-2.0722067,2.2168276,-4.050216,8.592048,1.5826821,ripe
0.06314192,0.08387340198863637,2016.7372428121741,2476.297755268305,4502.886408025568,-282.12057,86.42479,33.943867,56.652004,7.068034,14.160043,2.4612896,6.2205524,3.1959715,2.3473916,4.688977,5.452097,-1.6018661,ripe
0.12392967,0.108642578125,2452.017440925012,2618.72039650388,5364.703924005682,-205.46434,70.925026,17.959475,53.791286,11.73717,20.907204,6.828854,3.8238099,-3.6435468,5.1992526,-8.40828,11.965283,0.5612067,ripe
0.11875785,0.11146129261363637,2660.1725101241627,2635.7572496153402,5933.376242897727,-151.72276,77.60986,0.8218441,22.32454,3.3870697,8.846191,-21.569777,15.538348,11.227905,2.513141,-6.607149,3.3269484,-2.0363233,ripe
0.047095705,0.10078568892045454,1969.5314994638286,2437.0943247987407,4571.890536221591,-332.52405,83.191505,16.625452,35.43652,16.253183,47.27936,16.924406,4.839178,1.8694558,15.7379265,4.198959,7.147118,1.3022476,ripe
0.08530371,0.17755681818181818,3208.1751135033946,2687.05739292096,6165.836958451705,-254.89711,42.63712,31.83156,55.586708,-8.309602,36.15895,2.5857844,3.302282,11.197181,8.096175,-7.328117,10.165824,6.976413,ripe
0.13431372,0.08296342329545454,2184.070588383616,2393.3573004219884,4774.009011008523,-140.3357,100.72375,8.914629,23.441801,-7.4785614,12.16013,-3.8053002,15.840826,2.908552,1.8509331,0.3696368,-5.769237,-1.7977605,ripe
0.061157417,0.07288707386363637,2154.1070807683795,2463.8803194801676,4468.1396484375,-257.58215,88.77488,39.6987,49.073795,4.6769094,9.127534,-3.4476583,5.3220005,6.484848,7.458607,-0.96103704,10.943215,3.61456,ripe
0.20684189,0.18934215198863635,2961.381889946142,2419.18890543113,5466.986638849432,-62.1878,63.719143,-6.6580334,57.37965,-13.137994,-6.924175,-15.19455,6.063518,7.6899323,-4.8175716,-14.523474,15.033326,-0.6191965,ripe
0.11563353,0.09377219460227272,2597.7182850479144,2775.2532828598596,5842.349520596591,-174.97702,73.619865,31.414454,45.841267,-7.103175,12.724613,1.051308,3.0568757,1.0529592,5.6863613,-3.24836,11.506202,-7.770796,ripe
0.13106765,0.06891424005681818,2241.725452910063,2652.8222401866874,4930.124733664773,-199.3786,81.22261,55.240833,48.30248,-15.633511,11.933347,10.283688,6.947643,-1.6090686,2.135018,0.26289657,6.9493732,0.30836383,ripe
0.07922072,0.09619140625,2191.9566404898133,2385.7855633070358,4431.435324928977,-262.60187,73.538925,14.1603155,56.69136,9.44898,13.6487875,14.198547,15.503321,-2.885644,2.7988524,-3.4640417,10.979537,1.7166878,ripe
0.09200465,0.059015447443181816,1590.6081012508264,2076.1260775788505,3201.595791903409,-236.41669,99.053154,20.608961,64.65872,13.387564,25.720526,12.41485,16.536028,-7.39658,14.388035,5.2277174,5.838288,1.7127606,ripe
0.08397907,0.10242808948863637,2338.09496057646,2375.3769806324276,4871.397816051136,-256.9422,68.50505,1.895288,62.517212,6.706392,12.838178,-0.53729326,15.991461,8.491424,-0.9617783,3.125439,8.941163,-4.0989184,ripe
0.19477916,0.14295543323863635,2831.404571503601,2464.002277163461,5406.791548295455,-204.47887,46.42547,6.5720067,59.26665,2.8817396,16.404945,4.737353,17.31901,11.55858,-0.5004602,1.3845462,13.03374,-2.4198678,ripe
0.15365544,0.11623313210227272,2511.5828041807868,2777.0666519407378,5836.966219815341,-154.06334,84.95318,15.380041,20.805387,-5.7044373,-1.4636654,3.170357,15.320675,9.8430605,8.033471,-7.380417,6.8211455,4.8782544,ripe
0.11097152,0.13765092329545456,2663.194503025192,2725.681008336955,5615.272105823864,-221.17314,71.53562,32.316505,43.408363,-5.006039,17.901524,6.2596555,-1.4222579,1.4707501,4.1136427,0.68283564,2.857395,-4.4469438,ripe
0.10440884,0.10189541903409091,2320.3059705101628,2581.8686301982116,5249.697043678977,-191.77386,85.67941,19.953484,42.249447,-9.590583,17.736786,7.207675,-5.1487164,0.15192622,7.0942855,4.2412295,2.6363668,-2.3827164,ripe
0.2596966,0.12806285511363635,2108.444188664588,1945.6080064768096,3939.5973899147725,-59.18021,102.201164,-34.490227,37.22259,2.0029588,9.187257,-4.153406,6.621503,5.7482104,-3.0825064,-8.270554,1.5077643,-8.013007,ripe
0.37712392,0.10904208096590909,2092.676996585898,1841.247347496827,3755.096990411932,-29.470827,93.90476,-49.124645,28.473364,-2.0435247,10.976518,0.43919528,6.2889314,0.48712522,-3.9752982,-12.469598,1.7120347,2.9120438,ripe
0.065646395,0.04483309659090909,1769.816971718672,2515.2869106473263,4156.886985085227,-322.61,89.71356,66.5184,51.843815,7.65696,27.51129,9.82065,4.713869,5.9580135,7.482424,-6.5328984,3.4632215,-1.7791592,ripe
0.09177651,0.03599964488636364,1462.6274958225222,2179.0063332268332,3178.1050248579545,-246.74751,110.165535,40.38234,56.411278,8.332019,9.492246,5.751236,9.8770685,-2.9842508,8.677802,7.637668,-0.3411265,1.206929,ripe
0.060705878,0.21826171875,2830.992562730677,2633.1331308332806,5802.708851207386,-301.5841,73.86967,-1.1626664,15.450345,0.029867519,20.059818,4.6299396,0.5891264,-1.278791,-0.098647825,-6.4197693,3.8310807,0.7272565,ripe
0.118021056,0.07503995028409091,2195.209502192917,2470.3323362770875,4639.915882457386,-182.56049,86.40985,24.322186,44.62616,8.603882,17.804377,17.77198,6.1198163,-8.845081,17.973372,-3.7962012,-2.5989165,13.791645,ripe
0.108603746,0.06622869318181818,2117.112098310021,2421.39323970315,4334.046519886364,-181.28615,99.08345,20.08327,26.223433,0.8481338,22.470503,8.71735,1.7791156,5.322853,8.234244,5.775591,8.812757,-6.461583,ripe
0.113220595,0.09326171875,2631.615515505063,2703.7943384368114,5785.090775923295,-183.02367,70.47542,31.308172,54.46451,-6.1690764,8.979835,0.064034894,2.9069166,-9.183388,2.845392,0.487811,2.2466676,-5.2204084,ripe
0.09613836,0.12497780539772728,2714.7025192647966,2657.0044136598367,5692.106489701705,-196.41852,68.65557,26.1146,53.72483,-13.656107,13.738592,0.62909025,6.8266983,9.734501,-0.5486658,-2.0343232,2.777626,-2.0823672,ripe
0.11217325,0.04137073863636364,1519.7452329165296,2223.0226673082266,3415.459650213068,-210.51202,116.908195,32.6975,40.688286,-4.6054153,10.141163,11.108888,4.2744746,2.693741,6.718091,4.69451,0.007733822,0.8111504,ripe
0.12519139,0.08251953125,1914.572578141176,2409.601378156656,4410.880903764205,-198.85751,99.11743,20.142094,36.644726,2.7379465,23.696735,2.5989008,6.466719,-2.1662474,0.9813999,2.6835544,1.8897649,3.0198936,ripe
0.18459581,0.08786843039772728,2276.5437824115497,2273.6041048668744,4527.35595703125,-128.39293,82.470474,5.065943,53.867687,-2.0146174,12.545588,16.85959,6.47449,1.0485686,0.9580355,-9.695484,8.165715,-3.2681653,ripe
0.14085211,0.07310901988636363,2330.7015968921746,2660.047960707038,5213.971502130682,-157.20934,82.33313,41.485104,41.09916,-10.079341,21.732796,9.949113,10.740551,0.9048233,2.3318305,8.690726,3.6573007,-0.7097938,ripe
0.10039347,0.06358753551136363,2038.0585755545535,2327.7856517498662,4429.967151988636,-201.2856,93.35113,22.416412,49.513233,10.304511,20.8857,-4.3812685,15.339646,7.408176,3.807588,5.3084874,9.704454,0.8189461,ripe
0.12659714,0.10213955965909091,2367.356383427511,2267.4362832828697,4520.993874289773,-145.85814,77.114784,-7.6851916,49.64534,7.4268403,10.995196,0.97597927,14.999894,8.370889,10.176475,2.9305413,-3.796169,-6.7983913,ripe
0.030132055,0.10782137784090909,2342.0165222194037,2426.599117681661,4855.247913707386,-372.94247,81.52003,24.101751,33.228733,-8.448434,33.416885,5.6354175,3.0368552,4.012051,17.160578,5.481133,0.76947314,1.789846,ripe
0.089344226,0.06349875710227272,2073.923214474509,2567.641717750625,4901.250665838068,-215.9229,90.53892,41.908722,43.44558,1.2852596,23.588593,9.090726,1.4798974,-12.598258,6.9157124,-0.76857793,9.503958,-3.0336244,ripe
0.08004444,0.10988547585227272,2662.090533741479,2658.5415483842794,5643.656782670455,-235.22179,60.580368,17.309198,53.756546,21.69275,13.00347,-0.629427,20.97384,4.2587504,-10.875398,4.8333797,19.317156,-13.163513,ripe
0.14627759,0.2740811434659091,3867.2805282436316,2620.2232403487405,6815.2587890625,-99.15971,26.537561,17.119312,60.688805,-13.394861,0.60676134,-7.193941,1.7925776,2.7350142,6.742595,-13.046159,10.918962,1.4522818,ripe
0.10808907,0.12360174005681818,2960.0792277204487,2613.991403300894,5766.004527698864,-174.90605,59.381546,19.381681,53.862125,-8.316803,25.750341,-11.230854,6.3962727,3.177086,2.0906045,8.999069,8.028778,-5.752486,ripe
0.09751518,0.059858842329545456,1969.4454028392859,2299.6158536936086,4373.687189275568,-219.88618,106.028275,19.327446,52.681103,-0.179433,8.194497,-11.961903,2.161325,0.8938636,-1.255184,6.4738097,6.190359,3.6504927,ripe
0.15854762,0.10265003551136363,2811.1097624497024,2724.515568412696,5895.203746448864,-157.48135,59.34901,21.540123,53.58058,0.1670897,13.4122095,0.8757672,9.708745,7.979601,-0.1969142,-3.347924,0.19110872,3.048365,ripe
0.09463883,0.10540216619318182,2640.397620738277,2791.267000108449,6010.210626775568,-184.95918,76.131645,38.39816,34.814175,0.6617737,21.652449,-3.2511594,9.058448,-1.5552503,8.806762,-6.3808103,12.317234,5.720906,ripe
0.07741047,0.21673029119318182,3224.9976007488613,2502.03023532396,5826.689009232955,-218.80371,40.637367,20.747555,81.22932,-3.209221,6.451007,27.184193,-0.84868085,-12.530014,17.728012,-2.3497992,4.5494685,-2.176467,ripe
0.1287294,0.1498135653409091,3029.8916805351228,2630.4824641632526,5835.987437855114,-206.81898,53.680027,6.96333,49.25614,5.1357493,4.649036,-3.6358988,7.1968155,4.1749063,5.2059307,0.33211562,7.372055,-3.547461,ripe
0.11697995,0.15764825994318182,2803.679704574848,2333.840637779639,5141.541637073864,-186.50307,49.22919,20.26052,80.65069,-0.28659952,9.232558,-6.181444,24.68925,8.231185,-0.24053381,9.7289915,4.204803,-0.91230065,ripe
0.089524195,0.048295454545454544,1814.3360568657263,2329.405945467218,3851.507013494318,-234.05844,97.390816,27.586845,41.96287,9.149199,12.937316,2.789907,12.741522,6.7643723,9.521949,3.642412,2.2018175,-0.5769449,ripe
0.14274868,0.07785866477272728,1842.4596395859362,2139.486354293226,3650.8567116477275,-189.73676,106.53914,-9.646402,21.219635,4.2676883,6.906154,-7.0324636,18.90312,-1.3462908,1.1483992,1.8266652,8.631556,4.7624354,ripe
0.12689097,0.11874112215909091,2411.1542553133154,2699.07340462506,5617.719060724432,-201.89093,85.62206,30.36011,18.276606,-10.773328,26.443361,-4.1203275,2.6725166,3.7888975,-0.77287364,-5.1448812,3.8242285,-1.4148415,ripe
0.10944445,0.07961203835227272,2251.0062479328917,2469.587650060668,4902.229447798295,-162.3079,94.68808,16.200663,35.82989,-3.3265154,7.879889,-2.071743,4.4685063,-2.7181675,1.2106322,2.9483368,5.681671,-3.584569,ripe
0.10262451,0.054132634943181816,2082.49199196068,2711.0536375491147,5283.465021306818,-208.5342,94.87923,42.40205,34.550694,-7.883603,10.699908,7.8170104,5.8360047,-3.6816447,4.7300205,2.2833579,8.944946,-1.0237783,ripe
0.15079924,0.06742720170454546,2494.14393717922,2777.0098994658965,5558.502752130682,-181.24153,71.68645,41.49328,52.50049,-5.24033,21.41342,10.797864,1.5992446,4.828742,4.3781557,-0.8606434,9.036502,-4.3542347,ripe
0.07187777,0.09013227982954546,2173.375456447813,2455.8764489412515,4517.078746448864,-254.07382,83.51609,29.98175,35.641567,-4.6434026,21.675526,24.508795,8.812046,-6.588423,13.982376,0.5296388,7.076111,-2.4716086,ripe
0.11399286,0.1201171875,2375.473937991195,2297.199555488012,4809.734552556818,-146.97612,85.299355,-18.89847,29.969227,12.625947,22.914894,13.6896,15.43566,-1.808199,-6.185644,6.0352354,12.107184,-6.630528,ripe
0.12609647,0.05089222301136364,2060.4464868453883,2617.226157049563,5006.959117542614,-180.08517,89.609886,35.35524,41.081394,15.064976,17.051542,-5.5404935,7.470439,-4.762448,9.058084,6.8657165,7.34821,-3.0877502,ripe
0.12328124,0.07712624289772728,2204.3387665775417,2502.026903456771,4873.355379971591,-191.83994,90.67052,14.954514,47.1709,4.2349505,-4.751302,-7.5072384,16.625044,-0.5872004,-2.4492,-2.7718487,2.6962297,11.039533,ripe
0.10706558,0.055597478693181816,1960.85796372942,2359.8582877254526,4247.913707386364,-201.74501,93.52952,31.578918,56.014587,-5.8025613,19.383995,15.623016,10.153637,2.251038,-3.917709,-3.6565545,9.193288,3.602552,ripe
0.08217012,0.080322265625,2113.531371821074,2328.9779409594726,3986.578924005682,-243.24876,89.11482,10.406223,38.901306,6.583589,21.823296,10.364341,5.689368,4.741566,3.6595109,0.10080847,2.654127,-5.1442404,ripe
0.14804451,0.18718927556818182,2920.6266561840634,2300.057043488449,5194.88525390625,-171.13498,71.64122,-23.781195,39.654728,-11.620352,-9.176406,4.020108,13.876718,1.3335608,1.3424431,-6.6829524,7.768141,-4.3616376,ripe
0.116793156,0.03952858664772727,1290.8265625419826,1932.6123795095832,2628.0295632102275,-200.99243,141.28381,34.57173,22.697495,-7.313643,12.780795,7.522163,3.314672,-4.6600957,16.695498,12.563159,10.093225,3.97864,ripe
0.096096516,0.057550603693181816,2037.0982285792873,2471.0639696257354,4347.749467329545,-225.1828,89.875786,41.92852,47.799088,-2.8153892,2.4313576,4.968465,23.588081,1.397057,-7.301617,-4.208454,6.258599,-0.8613136,ripe
0.099931195,0.10362659801136363,2003.548679783949,2381.040178087076,4233.721368963068,-231.23834,90.98085,17.677479,41.50494,1.8960419,12.697213,13.33581,10.962632,2.0705283,5.2763615,7.6513906,2.9535103,-2.1944063,ripe
0.13799563,0.05661843039772727,1992.9199445663455,2350.4043548390155,4479.395640980114,-147.09277,94.445,15.46294,47.19197,-3.9829676,27.516548,7.841431,11.740876,2.6286716,-3.173654,6.3100705,1.0930272,-6.666727,ripe
0.14441036,0.22032581676136365,3513.6966999418078,2606.664752870002,6468.769975142045,-103.087166,36.765694,-4.812395,38.686325,-8.490226,12.93991,10.13685,18.980515,6.4559755,0.11499084,-1.9715585,13.613845,2.441707,ripe
0.072552055,0.04208096590909091,1515.7719752116732,2091.787587410905,2779.251376065341,-273.11838,105.624344,44.79391,48.697353,-3.1405616,22.201704,17.334974,9.418738,8.608372,1.9747798,-0.071042016,1.4795594,-0.8474845,ripe
0.11183443,0.1300381747159091,2758.228131719317,2803.938290794943,6100.258567116477,-185.2646,71.159676,27.422752,38.871258,-1.7727093,15.759717,1.2783893,10.999724,-2.2989092,4.3715644,-8.642308,4.1146297,1.5475596,ripe
0.17543139,0.1341885653409091,2508.2612291460796,2048.4733993592586,4623.276589133523,-59.875412,84.99024,-45.636963,41.077225,-18.99145,0.7178395,-3.7946527,18.225801,7.0091233,4.493865,-2.314546,9.576026,7.7300005,ripe
0.11068923,0.1240234375,2538.6671831346102,2395.534958259232,4726.5380859375,-285.36932,59.831394,15.580551,57.04449,16.361895,10.0856905,7.358328,6.9669423,4.5381594,5.7555156,4.231848,11.780059,2.2584765,ripe
0.082943566,0.057195490056818184,1517.3906656175095,2119.372351805915,2968.1562943892045,-277.7328,105.899994,37.91811,57.000427,-8.570271,9.175823,18.735695,8.1891575,4.0384765,5.891087,2.0914593,2.4120367,2.895809,ripe
0.22295548,0.10140713778409091,2227.024050564842,2637.8869272618504,5505.648526278409,-166.69038,88.81697,38.634598,38.5014,-6.3086305,25.786676,4.613543,12.354718,10.008608,1.0518093,-6.6100345,10.552156,-2.9194474,ripe
0.12619229,0.1771573153409091,2977.400086989101,2578.4791094668294,5737.130459872159,-229.72163,62.787354,27.690502,56.30391,-18.361279,3.3422127,-4.2464533,3.7009583,4.057716,0.078185685,11.102952,-3.32925,0.12077553,ripe
0.21227154,0.11827503551136363,2118.701329833016,2114.7523493646045,4205.826083096591,-93.44973,100.20772,-24.4769,34.220127,4.91794,21.56469,4.484289,13.363516,0.1774978,-2.4768698,-3.927104,6.736241,0.7774973,ripe
0.16656238,0.09248490767045454,2365.772497380897,2624.234109911775,5248.228870738636,-129.73253,77.382225,28.536283,32.651073,-6.4845395,15.971896,19.182718,8.122453,-6.745784,11.093864,1.5469868,8.241222,-1.5623031,ripe
0.14463507,0.07410777698863637,1718.8867577581834,1990.56369370855,3404.693048650568,-220.03981,100.13978,19.593296,59.205032,-3.0022576,24.738293,12.793143,18.841747,4.4206066,5.429426,1.4346086,5.343696,-1.2592576,ripe
0.09043973,0.07111150568181818,2072.1425210134257,2230.360586324941,4016.9211647727275,-195.07298,95.625885,13.914773,35.121918,-6.794368,21.649153,8.888757,11.990798,-4.172009,4.030104,12.107492,-0.49959937,3.680436,ripe
0.12056706,0.06986860795454546,1800.0090900383623,2116.1068956260674,3883.806818181818,-200.46693,96.79603,19.304321,65.29475,3.4295595,8.603358,8.899619,25.645832,3.9104662,3.7446291,7.19032,0.470442,1.4160367,ripe
0.04911097,0.09421608664772728,2178.2406351354525,2395.434846239812,4398.15673828125,-379.43143,60.66565,59.06996,79.90457,9.323999,28.424036,15.258838,13.947461,11.298466,-3.405256,0.31840476,11.210336,-4.7608027,ripe
0.15475565,0.05728426846590909,1713.8330503494756,2140.2474940255725,3438.9504172585225,-179.6277,109.98231,30.884447,53.007057,-4.3636584,12.780483,0.2053042,3.6247194,1.0837522,0.6295629,3.6128082,15.717774,-3.3145797,ripe
0.12898079,0.04148171164772727,1812.467292727781,2441.133625890951,4043.3482776988635,-201.3852,95.98267,52.320957,47.71863,1.4764019,22.16056,2.037196,8.463279,-1.6201413,9.101059,5.2744093,1.3732915,0.5786082,ripe
0.05940704,0.06327681107954546,1654.5236234077681,1923.7542836820287,3444.3337180397725,-262.66394,133.29335,2.7931442,7.3592243,-56.046665,0.04609611,-15.6505575,5.691275,11.527827,10.022469,0.7720403,9.976294,2.9996183,unripe
0.04541218,0.08438387784090909,1627.3419549854384,1870.717761688595,2629.497736150568,-404.09433,134.71274,38.144596,-5.0744624,-41.45154,-10.461631,-1.6898407,16.86617,10.042968,11.699686,13.095341,8.559173,9.339062,unripe
0.029743152,0.05517578125,1794.4497860008769,2391.4770195588203,4003.2182173295455,-420.17712,89.450134,16.618542,17.768208,20.751158,19.416918,8.789417,9.5949545,12.660074,23.531456,12.140636,10.378516,1.4391742,unripe
0.025665091,0.23797052556818182,3212.7125715783045,2778.0041564738635,6646.418900923295,-482.35263,63.785824,19.355888,16.357723,-16.159029,7.7834806,-3.5896127,6.11553,4.6834607,8.726757,1.9241005,8.628143,-1.6710601,unripe
0.03339319,0.08571555397727272,2089.5875559079213,2504.063233766942,4719.197221235795,-333.36383,98.61589,14.505506,8.22473,-3.7661643,18.257076,4.8882036,9.193154,5.839006,10.733364,8.355845,13.000415,2.1750486,unripe
0.0604299,0.12151227678571429,1831.2292108690017,2183.351276574874,3440.6982421875,-360.9778,85.24324,35.042538,43.501163,1.533748,23.445805,16.92927,28.008387,15.179563,8.44819,11.078608,-10.958101,-5.822205,unripe
0.11043673,0.045476740056818184,1197.3387220966777,1721.3255435166313,2134.234064275568,-194.24399,163.28262,12.819669,-3.7176285,-10.841764,11.924114,-11.376904,15.267023,0.022591937,14.412143,-0.98777145,9.392243,0.43145066,unripe
0.030187247,0.12264737215909091,2010.2051665345193,2340.6249354851916,4155.418812144886,-474.94144,100.796844,28.772064,17.079206,-19.75187,9.290559,8.28399,-0.29172954,0.11411407,0.99724615,2.0520504,9.272968,-2.3677545,unripe
0.03809634,0.10398171164772728,2358.5919541408657,2536.1104470015753,5353.937322443182,-327.20535,96.64702,25.223677,16.753424,-51.293324,6.469882,-0.98565584,6.4505906,9.512555,6.0765257,4.098735,13.063333,-5.8685684,unripe
0.06904293,0.07559481534090909,1450.825970886424,1878.8990299083773,2873.214444247159,-262.68015,145.20508,16.21155,4.9606876,-50.963734,3.9148905,-0.11231839,-0.32540944,6.6537724,7.5848165,5.966144,9.372771,-2.7315314,unripe
0.03233811,0.13776189630681818,2292.035806187303,2619.3535796779793,5051.493696732955,-436.1349,86.1616,34.59664,21.707726,3.490421,13.58204,9.040519,11.027856,5.5093336,7.523909,8.730051,0.21424851,0.43651354,unripe
0.04694995,0.06625088778409091,1678.202213403207,2081.297966571969,3208.9366566051135,-376.24054,115.91509,38.201534,37.14269,-19.037577,5.416164,11.25656,-0.35483077,0.049396798,0.6542238,-9.131725,4.0507374,0.5124576,unripe
0.062752485,0.08937766335227272,2007.5099132284404,2312.814202727762,4235.189541903409,-298.70184,100.67839,14.773099,13.347513,-14.152872,5.077713,7.624039,7.45145,-5.245834,3.8290148,-5.2436023,0.14699169,-2.1955798,unripe
0.05118513,0.027299360795454544,1311.8847521951086,2193.976713920124,3127.69775390625,-397.5712,111.28613,41.962772,32.574398,21.127163,24.108513,12.905286,13.413944,8.76291,9.975493,7.8051543,5.3639126,1.0408278,unripe
0.027861042,0.1832608309659091,2699.67444281088,2561.6079114794684,5190.970126065341,-456.13165,69.40246,44.57636,42.17746,8.040472,22.701506,10.260923,-1.2396954,6.4156723,-0.9450016,3.6853266,2.799388,0.9736049,unripe
0.05324401,0.18803267045454544,2457.4402584051836,2194.1415174658314,4521.483265269886,-384.7784,99.97871,3.1707442,9.451705,-36.959824,9.122664,-4.693253,1.6356254,2.7111712,3.8171995,4.7038894,7.3579664,-2.9676187,unripe
0.057979453,0.18219549005681818,2808.5248440111855,2570.719551650968,5481.668368252841,-356.7173,61.70953,22.589952,38.276077,-2.0119176,19.691599,4.8292813,9.582762,12.504404,14.219757,9.78866,6.6654005,2.1729212,unripe
0.027977245,0.06636186079545454,1642.8094598295838,2259.6507844260286,3992.4516157670455,-435.4002,107.06228,19.05207,23.687532,-0.9597285,19.015944,-2.1422439,13.365111,5.134156,-2.582036,-2.5817573,4.5705304,1.5631626,unripe
0.04897305,0.07652698863636363,1807.12368244658,1904.3113463878303,3772.7150656960225,-272.55066,122.48657,-16.548956,51.492672,-24.833616,-4.9421883,-12.296329,8.146937,9.165747,4.039283,5.574101,16.533276,1.0971771,unripe
0.038395222,0.07699307528409091,2036.0938670000317,2413.7395361018575,4705.983664772727,-399.14737,98.121185,29.891615,21.576239,-4.2986584,15.36077,-20.257093,12.68458,15.529777,8.266142,7.4509945,7.237973,-0.6367539,unripe
0.039936334,0.13390003551136365,2036.728319498217,2141.648690958964,3906.3188032670455,-313.49478,118.55681,-19.558994,-2.6455808,-6.8104954,6.9340515,6.425531,-8.570071,-1.9794339,-0.5044491,1.9026157,10.269286,-5.2711654,unripe
0.027426826,0.09670188210227272,1561.2406798043337,2117.0942816065126,3092.461603338068,-440.1166,114.42005,27.152372,25.554419,-12.489362,24.66167,20.712084,10.768724,4.767812,0.39691383,0.7734649,-4.9395213,-2.510217,unripe
0.0403523,0.07901278409090909,1964.2393442750304,2136.2707417357665,3645.4734108664775,-319.8549,120.771,2.5790718,-3.6615973,-4.461721,14.43496,1.5097576,6.967674,-4.253737,-2.2713737,3.7471085,6.6933637,-0.51798207,unripe
0.043553613,0.12089399857954546,3074.085408040539,2905.8878685676204,6648.865855823864,-281.6592,60.839367,14.604153,7.303052,-19.508234,18.931824,6.9028473,11.169828,15.678771,-0.058313716,0.36275175,14.775593,0.5420589,unripe
0.026890071,0.10371537642045454,1967.215727022974,2179.0110703237683,3651.346102627841,-471.58768,110.010506,20.246899,9.424964,-3.967813,11.516868,13.230361,2.082214,-0.7412987,5.1745524,7.8535724,6.509293,1.5264516,unripe
0.05718645,0.087890625,1905.2372601641337,2195.329907389588,4097.670676491477,-244.28407,111.98906,-0.8348869,14.935294,-41.341034,-9.994778,6.3579335,4.8971496,0.3515322,7.902083,6.4803905,12.349107,3.34544,unripe
0.074197724,0.06906960227272728,1583.5182048116048,2059.78854296587,3399.309747869318,-284.48904,113.12258,12.039211,15.358108,-22.386028,5.543623,-3.7133234,-4.411926,4.55086,0.8864297,-0.68701226,11.677195,2.6556516,unripe
0.034851134,0.10524680397727272,2577.349614134698,2816.5874199603127,6028.318093039773,-362.07248,70.68342,24.845915,25.371815,-23.394293,11.971971,8.26508,5.0859866,6.8625717,13.118991,3.150131,8.212464,5.2756763,unripe
0.07194842,0.11099520596590909,2155.1467211752924,2395.1644077829897,4918.379350142045,-250.62547,100.866,0.6915599,-1.6539567,-43.63481,-12.489081,-1.8429184,5.047482,3.7393873,13.304462,0.84837115,21.146925,1.5800191,unripe
0.08401819,0.05018199573863636,1151.8022022654134,1643.690144792295,2164.0869140625,-354.1525,121.16354,13.810815,59.850914,35.80287,7.843771,10.507588,7.322387,-1.4871349,11.234798,7.107431,7.7151966,5.090912,unripe
0.043106828,0.18243963068181818,2505.9759065616254,2634.4060744494786,5424.899014559659,-321.5453,98.355125,17.513739,-2.8371851,-15.970811,6.1324544,-7.6211867,-16.161203,-12.791431,4.5285993,0.18810107,9.848771,3.5741441,unripe
0.06412079,0.06618430397727272,1578.8498753403394,1846.3526123566414,3376.3083718039775,-226.05566,138.95204,-17.260002,9.699037,-35.363613,10.266098,-17.977922,-6.4231396,10.21186,-0.82886624,-0.05130237,13.6302,2.3238735,unripe
0.01573308,0.1404696377840909,2469.452107222972,2482.8057481772125,4970.744185014205,-424.90515,82.19809,7.890225,44.910126,-7.325348,1.7293164,0.025007356,8.18872,7.193541,0.13286948,-6.779796,7.813222,-2.0960488,unripe
0.028854059,0.13407759232954544,2427.3796898486585,2348.177329105151,4940.401944247159,-376.6904,88.45721,-16.169292,8.400677,-10.884702,9.179041,-16.781189,-0.6285747,12.725518,23.013594,10.477279,11.682791,-1.4365053,unripe
0.02171442,0.10089666193181818,1891.1851980044332,2182.164721988118,3750.2030806107955,-477.74063,95.01578,23.219194,49.597755,10.844404,28.389112,6.6841354,6.2866216,2.7595782,11.263721,7.6844096,2.0190504,5.830375,unripe
0.04098099,0.08829012784090909,1859.9127309425223,2291.826304411607,4139.75830078125,-480.44894,79.96076,30.88761,53.59286,25.557085,6.1914363,9.141727,14.87085,11.392143,4.2653947,5.649504,3.6472788,-1.056424,unripe
0.06767521,0.06571821732954546,1607.7490381227378,2126.7600083661096,3423.2899058948865,-248.48428,121.838234,10.048206,7.257282,-17.651754,18.034101,7.663964,10.117827,-0.4771019,8.42437,7.201004,14.971195,5.702412,unripe
0.047136523,0.04933860085227273,1183.9761766757217,1522.103343724357,2045.654296875,-335.2662,162.7069,-6.283574,2.9243739,-32.290195,23.007357,25.427416,-5.6776156,-11.378546,-5.2279997,2.1955254,9.262857,5.986992,unripe
0.06504516,0.052068536931818184,1181.1469891406236,1595.239236044173,2118.573552911932,-302.2359,157.631,16.106037,2.6165338,-36.985577,-10.237893,-17.998236,12.395247,9.816005,2.0321627,5.2116237,5.8540173,5.061757,unripe
0.045985736,0.07341974431818182,1838.9992805438583,2194.629390861083,3935.19287109375,-383.7121,109.3148,9.871686,10.466047,-25.19501,-3.8467462,-11.937134,10.83676,26.190174,16.47592,5.961409,11.43895,5.336308,unripe
0.06893226,0.039861505681818184,986.8227449683783,1544.6773681532848,1238.6485706676137,-320.30786,164.13622,24.189594,7.8261747,-17.094193,-5.6794004,-11.1398535,-8.676978,-12.784988,9.056546,13.563614,10.045328,4.82086,unripe
0.0898225,0.07703746448863637,1670.153508476387,1923.3537090558289,3281.8559126420455,-214.965,126.27593,-9.232879,0.67834973,-37.926346,19.932673,1.4850327,13.625817,18.470034,7.482298,0.46230048,10.171872,-8.707271,unripe
0.046901237,0.06094637784090909,1689.3840607550299,2026.4416394198297,3647.9203657670455,-316.92654,111.25341,-10.211976,21.712461,-15.538645,13.732264,-7.6444416,4.1943874,8.9108305,10.832781,8.620907,14.290433,4.62309,unripe
0.037865832,0.143798828125,2166.359270256057,2232.910593527577,3990.494051846591,-406.29398,103.287285,33.578686,22.716827,-19.705885,-3.5087602,-1.0535556,4.389323,6.4029846,7.902425,1.714528,-0.74598813,-7.071138,unripe
0.047883533,0.06234463778409091,1442.4100048334112,1876.9039525905623,3175.1686789772725,-325.46863,119.26588,0.6495039,17.338366,2.5418437,16.483759,-7.3390574,9.005693,-1.6040969,4.155834,6.871898,2.1062973,7.6431155,unripe
0.030012779,0.09228515625,1610.8843646407813,2301.74667746477,3619.5356889204545,-447.39862,105.98442,47.459824,30.341206,-11.200981,-1.2665634,-8.284392,0.82865316,3.049353,0.7723512,6.45022,10.240622,4.2173157,unripe
0.06224765,0.08578213778409091,2302.299080224814,2625.53439924609,5245.292524857955,-274.73328,101.250465,21.092476,9.06549,-10.476363,-1.3523234,4.4395337,11.469245,-5.5502734,9.956506,-3.2332487,9.632728,-10.342169,unripe
0.086767666,0.07748135653409091,1771.216169282036,1987.0948107328427,3562.276944247159,-209.03677,115.04713,-19.616032,-3.6470068,-23.239977,9.401116,-2.3405817,7.107813,12.376878,5.3568854,0.4900091,9.815577,-11.739553,unripe
0.0502386,0.06558504971590909,1717.0556044637183,2151.481735141095,3660.64453125,-364.74826,107.83811,7.759706,16.002733,-19.51783,-2.305694,-6.7289715,4.3424425,8.957307,7.1586623,8.658034,15.041095,7.2497373,unripe
0.062205162,0.16459517045454544,2436.437407733945,2374.4299013308187,5108.75244140625,-334.96545,99.19436,24.747034,12.106627,-38.05057,-7.019365,4.518269,-14.282699,-12.733105,14.687427,5.9203005,10.830185,2.4105756,unripe
0.038870458,0.030184659090909092,1011.1480006212637,1827.5241149466672,1545.4967151988637,-430.9617,136.98245,37.948395,14.802354,5.9573073,3.048725,15.776096,16.908152,0.14396554,11.7763815,3.6258738,3.797313,3.3724608,unripe
0.1853732,0.01333895596590909,723.882023854827,1478.383259489612,1101.6190962357955,-310.386,123.4982,51.911644,59.890324,40.438557,19.172947,8.143293,23.132868,-1.1604733,10.51683,10.436529,6.3910336,2.1367373,unripe
0.044875935,0.15380859375,2690.647960258196,2676.47608770302,5903.034002130682,-320.09515,79.30561,0.8060984,12.95083,-15.443826,8.83334,-2.1739078,8.208629,8.847718,10.934559,7.1132917,17.405449,-4.083724,unripe
0.030567659,0.03835227272727273,1050.6275442755102,1836.580708283125,2036.8452592329545,-453.9784,124.33227,46.11766,37.359264,6.423469,4.8274975,3.4053328,6.399327,11.544114,4.0607896,4.6463475,6.404373,10.075787,unripe
0.03350893,0.09157492897727272,1838.8174053685527,2158.4737186728266,4189.676180752841,-400.25967,110.27365,4.250706,17.045517,-22.809341,9.217223,4.79211,8.68997,9.43335,-0.089092605,8.751159,12.142997,-0.84698063,unripe
0.03924437,0.050537109375,1636.9909766018284,2237.149060045493,3745.7985617897725,-388.41223,110.45307,18.366005,15.646203,-8.4831705,15.893964,12.30195,12.383045,9.255836,13.009277,2.9688096,1.3561959,-2.0730777,unripe
0.06238024,0.059858842329545456,1540.2217842401978,2107.8520665352617,3551.510342684659,-326.77368,122.79731,38.090282,42.933876,-18.058342,6.6714253,-17.260893,-4.574069,3.2270539,11.520963,4.008666,11.702127,2.4958107,unripe
0.058504663,0.09210759943181818,1883.4395623686491,2418.599697032598,4420.179332386364,-331.94522,108.983246,22.04441,24.835579,-10.887314,-0.69872135,9.823889,-2.1530266,-5.993277,1.6909508,-1.8209683,6.805844,-7.913876,unripe
0.07145935,0.09652432528409091,2117.5028227820044,2436.6687225216074,4423.115678267045,-323.0059,57.081497,6.92563,33.28628,23.62475,25.032133,11.633698,20.109463,12.308594,15.526775,6.2427597,8.479217,1.8548741,unripe
0.07377601,0.03258167613636364,1270.2047957866882,2008.7163778645083,2805.6784889914775,-335.05627,109.17553,38.241768,26.606482,-19.85893,31.396303,8.825919,15.9553,11.095206,6.3093753,7.624771,11.299236,4.8259263,unripe
0.080155246,0.06984641335227272,1731.6329057526166,2205.5694068639505,3915.127840909091,-261.57483,118.93306,20.196117,7.8729205,-28.046022,-4.0760283,1.4149854,10.727967,7.3891606,15.361209,-0.8408817,10.255894,-0.486879,unripe
0.025372641,0.08069957386363637,1580.9946512344707,2227.3825739390318,3580.8738014914775,-432.9717,110.55232,15.52589,30.531792,9.782408,2.053353,-7.4024096,7.378487,-2.4468782,4.206172,5.658775,5.092648,7.2883754,unripe
0.030651279,0.031449751420454544,1248.4146045978787,1928.050012048281,2337.820712002841,-388.57675,133.42528,19.958242,24.044945,-19.498158,3.646002,8.008575,14.235946,12.40138,8.016493,3.056969,8.868881,6.193692,unripe
0.0587782,0.05564186789772727,1479.3746893312693,1924.9099938130605,2940.2610085227275,-262.38007,141.45201,3.1459296,9.804751,-21.266594,1.7073954,-3.0630305,7.8929615,0.115649745,17.84861,2.4415197,8.183082,-0.31434944,unripe
0.041905764,0.08651455965909091,1870.3327382072587,2296.3824597269463,4277.277166193182,-394.39804,100.696175,19.491179,23.375313,-20.335537,-4.2297487,-5.8990583,3.9288635,4.7513065,-3.0338628,3.9937828,10.875286,-2.2278018,unripe
0.1075557,0.08511629971590909,2346.8367569304614,2596.56992268053,5421.962668678977,-273.90433,64.68787,11.138968,30.41078,8.355279,15.686932,4.4039264,13.758134,10.736184,3.736255,-1.7061237,6.2667294,0.3438483,unripe
0.04994559,0.09952059659090909,1783.392748520802,1980.2290701985817,3191.8079723011365,-347.39066,126.95354,-2.7469084,-5.1053905,-31.994688,0.09785765,2.289132,7.059389,15.19008,15.959293,-2.2270925,11.61148,0.75602156,unripe
0.04231408,0.07321999289772728,1778.6184665774663,2471.2253009230817,4332.088955965909,-344.93265,106.05679,28.93583,21.064707,-8.304338,5.952115,-2.0917025,4.083557,7.303591,9.6184225,-0.51271176,12.85441,-5.135875,unripe
0.06250848,0.07386363636363637,1727.8399655350013,2068.280496690236,3471.2502219460225,-270.57385,127.966286,18.956123,24.251276,-34.76465,-4.3513756,-18.911688,8.451714,5.8787684,3.127459,8.737951,17.683615,-2.7370398,unripe
0.07302589,0.07654918323863637,1859.4083790283667,2104.918518844659,3810.8875621448865,-267.57504,116.687256,4.623015,22.151001,-20.49578,-10.737152,-12.220053,-0.7006692,-4.8753133,7.949539,4.2022743,7.8444443,8.179124,unripe
0.05120872,0.04842862215909091,1526.7059882173298,2113.513729549849,3578.9162375710225,-347.48416,109.97336,31.583338,40.74965,-15.564117,16.815594,-7.142473,-9.864858,5.2439914,3.6607742,0.23958744,9.551779,10.087212,unripe
0.06162747,0.07435191761363637,1532.8646408637023,1649.9546635132267,3065.545099431818,-248.19273,144.33087,-37.960556,41.25839,-19.357512,-5.330729,-19.785587,-5.105183,14.073747,-3.2500715,6.215196,18.132013,-1.72346,unripe
0.04290506,0.05968128551136364,1831.5567846071274,2075.2880513736486,4001.260653409091,-307.11844,112.13833,0.9572785,23.598127,-34.994118,3.6713216,6.3258605,20.291088,17.553524,13.229176,-0.98228645,9.128628,-8.13184,unripe
0.048761662,0.1261319247159091,2242.114835141636,2274.8327618743006,4648.235529119318,-349.0647,99.285164,0.14577441,1.0358667,-32.372482,15.928287,3.4251585,11.373115,10.097642,8.493124,4.220168,19.628237,4.763763,unripe
0.0527513,0.12096058238636363,2041.5287064628376,2194.6883680753035,4294.405850497159,-270.7137,114.8534,4.4995694,-1.4728967,-46.216347,1.8786327,-7.483717,18.39096,7.3841033,1.2267271,3.1827505,10.724511,1.4085841,unripe
0.079343565,0.05260120738636364,1214.8991469992493,1625.8658629699885,1916.9444691051137,-255.9433,159.1302,3.3624854,-6.891167,-44.38251,-6.7558904,-1.4052835,2.4078848,8.640367,12.343866,6.616841,18.350718,3.865732,unripe
0.061343238,0.13234641335227273,2273.231999691609,2555.699477486382,5409.727894176136,-294.40384,92.58336,31.741499,22.08426,-26.17569,-11.955917,-17.477974,16.04204,1.5017257,6.742792,7.1447754,-3.6820998,2.1823666,unripe
0.062321648,0.02752130681818182,1006.518619926319,1754.106803038172,1786.2770774147727,-337.01764,145.50702,28.35346,26.17823,-12.803559,9.758739,5.2358623,2.4001548,-4.0925364,7.0384974,2.9886281,6.8803463,12.033029,unripe
0.04076232,0.13853870738636365,2273.3051131752572,2161.3661128582958,4236.168323863636,-347.87775,84.26569,0.8899861,35.46377,-35.716766,-3.3062785,6.51675,0.62093645,8.460411,18.890675,1.3705426,8.643191,1.2369761,unripe
0.044619247,0.05362215909090909,1630.7332420596963,2289.883872275546,3479.5698686079545,-359.4618,107.20631,21.682043,27.19793,4.17008,3.0129821,4.2392993,6.0136714,3.6605532,15.385314,-0.38533795,14.318362,4.7691708,unripe
0.02356841,0.02880859375,1067.4298008535816,1871.5711002196304,1902.7521306818182,-414.4456,128.65054,20.288235,33.46801,11.242355,21.369595,19.859852,9.991414,6.5344906,13.756421,3.9565008,-3.1280138,2.3774989,unripe
0.053677358,0.06662819602272728,1701.303872037369,2058.899004240475,3460.9730113636365,-311.77112,126.54963,-2.3917024,17.319365,-6.040068,2.3672662,1.6231209,-0.8888735,-3.0730429,0.54036987,-7.4598446,7.355333,0.9681866,unripe
0.11472377,0.020308061079545456,896.2532501098486,1861.0794131647608,1688.888272372159,-298.92612,126.66238,35.61984,49.478455,30.904608,26.797087,25.119932,5.5526867,19.247679,3.1514397,1.3990874,6.269846,-3.001062,unripe
0.04158992,0.06272194602272728,1387.428924178576,2045.1381999698567,2506.171209161932,-395.42502,124.351555,30.049498,-8.517177,-28.194397,2.6830373,13.554012,10.236631,6.917841,9.394301,5.3311653,13.229397,0.7183877,unripe
0.04814118,0.08724698153409091,1930.3557526619113,2391.258790032764,4431.435324928977,-428.96106,82.098694,33.03635,27.818151,0.30662745,23.516314,6.6099277,14.688751,9.541061,8.914244,6.0330553,6.275763,2.674511,unripe
0.061688516,0.066162109375,1854.0108320914972,2189.127680218125,3940.576171875,-293.07092,102.602615,0.9816019,8.748443,4.188774,9.178651,-14.77584,4.1736517,22.641493,21.439812,6.7418456,21.94731,3.3758242,unripe
0.01961358,0.07255415482954546,2397.467694831532,2494.4748289568406,4943.827681107955,-423.21777,50.198074,3.4239945,56.901768,24.475819,27.813692,22.764704,17.605341,1.8169379,10.223275,6.933083,7.085525,3.8627317,unripe
0.0829843,0.03810813210227273,914.6023543076495,1396.7481196210565,1451.0442560369318,-319.22635,174.5516,22.349968,18.93117,-33.696873,-0.58324134,-12.83456,-2.0414674,5.372527,0.20838018,5.108957,3.7328055,-0.44241437,unripe
0.0639953,0.06689453125,1355.001926596897,2010.9714529772011,2029.9937855113637,-298.35046,150.6227,21.61735,-22.829243,-25.953442,-9.731716,-8.01632,5.669496,-3.8898575,9.469262,11.266847,25.000618,-6.9385304,unripe
0.033386085,0.03162730823863636,1330.6437200533799,2117.085749640696,2846.7873313210225,-394.71066,113.07138,24.614508,29.423265,-2.2813318,13.694385,1.9101573,13.87992,16.151854,12.628333,5.4250703,4.876206,-3.0170832,unripe
0.04833779,0.09543678977272728,1749.5944025184638,2256.791743037652,3819.696599786932,-389.52588,88.76471,18.895021,36.30174,23.330162,21.152142,18.0362,9.735995,3.8887405,5.4908204,1.8508686,5.4451594,-3.012342,unripe
0.047354054,0.04001686789772727,1421.1590833213688,1983.9406839640294,3286.260431463068,-316.17053,134.20662,19.845156,17.82183,-39.43869,4.5995,-6.497052,2.7839181,25.312054,18.0423,-8.566069,6.812299,7.9753666,unripe
0.05977601,0.08156516335227272,1808.8092151526632,2208.348975419258,4091.30859375,-310.80344,114.26186,12.521964,32.863426,-23.923529,20.548983,-2.0259125,3.3904548,0.90816134,2.4698384,-0.9618452,-4.302809,12.184475,unripe
0.016698806,0.04416725852272727,2078.487019209143,2645.1364394987354,5020.172674005682,-477.8843,69.28673,25.02298,44.00352,22.104677,22.315239,19.876547,15.542584,3.4609756,14.375244,7.0850453,5.4453325,2.2172441,unripe
0.087823875,0.048539595170454544,1139.2457843802429,1675.15165119949,1934.073153409091,-308.53076,140.66437,27.559227,-0.36987695,-37.288757,-5.119459,-10.905601,1.0100023,-1.6580937,17.250893,8.072638,9.976559,1.488949,unripe
0.069913834,0.046586470170454544,1428.410371245914,1880.3632225970393,3121.3356711647725,-250.47328,152.64253,19.686039,7.664038,-50.117138,19.50161,-5.2552724,8.757035,6.157411,-8.314843,0.120630614,1.6223366,1.0056336,unripe
0.06368911,0.043701171875,970.2199666238932,1370.508192165239,1273.3953302556818,-324.15955,176.00221,16.203148,15.987381,-37.11265,-17.509735,-12.594971,-4.526074,7.273088,14.975345,4.455473,5.939384,-0.57063895,unripe
0.04905272,0.035600142045454544,1172.6750471136374,1930.0107576857997,2145.490056818182,-384.32217,119.11237,36.738613,35.452007,7.273482,-8.806232,-1.4925799,17.177145,13.552906,20.404436,10.044727,9.937389,-0.19899271,unripe
0.06714117,0.05892666903409091,1380.6329725819628,1711.4756202594363,2318.734463778409,-262.58142,150.35776,-11.915397,-4.0123806,-44.25076,-9.570609,-0.51340634,3.346826,12.915235,13.03775,-9.2264595,18.526453,-0.09238677,unripe
0.061476097,0.1181640625,2389.9198472880826,2507.5502356173342,5383.30078125,-285.37717,73.53741,-8.445672,16.241686,-18.224323,3.055546,-12.1031885,11.964392,4.3372464,13.20279,13.063123,10.733834,2.072374,unripe
0.05746933,0.08212002840909091,1459.145768125525,1919.2426689679828,2947.601873224432,-336.07715,135.1858,14.893516,4.6665053,-39.415127,-1.2216843,-17.137827,-3.481755,4.6875157,10.306305,17.059101,13.636167,0.24228702,unripe
0.05159525,0.084228515625,1832.0031457180187,1972.1766147700719,3666.5172230113635,-241.5974,123.18427,-18.925835,10.508019,-34.170906,17.032503,16.177538,5.264264,-0.55408114,-1.1063243,3.0183067,10.008008,-6.356029,unripe
0.04560015,0.03664328835227273,1531.587704412365,2071.568273867857,3063.09814453125,-308.06155,127.75952,7.4765277,16.05087,-8.63825,10.625579,-2.2806876,12.619757,1.218481,12.106397,6.2908587,8.173127,-0.050042912,unripe
0.05229697,0.03395774147727273,1206.6078736214915,1725.3172834812372,2119.0629438920455,-321.02512,145.3955,5.184143,15.341905,-1.2400911,6.111344,0.53325135,16.351818,-5.657961,-3.1980774,4.034663,1.4514916,1.8507508,unripe
0.05846369,0.08098810369318182,2041.6884213564977,2466.5719762088574,4721.15478515625,-316.78342,97.22471,29.104279,6.781378,-27.63609,5.0821834,-5.1582336,8.130916,10.97194,14.359122,9.824368,7.4345837,1.8025832,unripe
0.055708446,0.13853870738636365,2034.4649800912912,1962.6132531722685,3933.724698153409,-266.8696,121.464226,-12.594192,13.122204,-45.18436,0.6372068,4.054407,9.714141,-6.3540173,16.121365,2.0499,4.0703297,-11.559895,unripe
0.061728228,0.058793501420454544,1732.674386330438,2126.717772148862,3952.810946377841,-283.8237,120.68157,4.5597577,26.024254,-28.701868,7.127904,-9.260104,5.376721,4.581708,-4.029842,-7.8448424,12.0065365,-1.6148282,unripe
0.05753722,0.03844105113636364,1240.2792908876206,1866.5150044572295,2318.734463778409,-315.4954,132.40309,18.70945,30.117235,-14.104108,-4.565562,6.845821,4.2025976,9.145679,14.883119,13.803872,4.609526,-1.3318014,unripe
0.030997258,0.06944691051136363,1972.8443878677588,2403.757341181545,4411.859685724432,-376.5514,88.40912,21.098507,28.594501,-7.2094374,6.8169694,1.936967,18.110498,9.939432,3.644473,5.009956,7.376828,12.653884,unripe
0.063270144,0.04605379971590909,1387.3617779165297,1805.9367679682857,2539.449795809659,-288.65488,133.65317,-4.5801835,18.187464,-9.9044075,1.3848599,5.1518373,16.538725,6.371542,6.7283797,0.25558951,14.090221,8.190421,unripe
0.04079004,0.041215376420454544,1528.724807458745,2082.5113683703225,3621.9826438210225,-337.54514,118.49844,24.228888,43.75224,-30.925476,4.581466,1.4456788,2.4383712,8.743005,12.8294525,7.94117,9.484368,3.2749863,unripe
0.06362013,0.11343661221590909,1998.8389190668436,2098.5248886012246,4164.717240767045,-265.91516,107.619286,-16.303392,17.355211,-31.956116,-14.772813,-4.5090556,11.349834,7.473656,5.139379,0.9687914,16.255371,0.06307784,unripe
0.040574685,0.062322443181818184,1426.8969660458295,1909.5564777853717,2839.446466619318,-385.22913,128.79665,17.880276,16.639341,-32.33059,5.8414974,9.467313,5.107072,8.446123,7.041571,8.954712,9.357581,-1.011068,unripe
0.042809784,0.054620916193181816,1744.6713318937786,2305.13046663827,4268.95751953125,-362.89142,119.914474,49.191982,14.188094,-20.48001,7.9502964,1.039646,0.23327589,0.603036,10.420287,2.154967,10.404731,-1.759529,unripe
0.057108905,0.028298117897727272,1133.2510495264726,1865.0677652252118,2313.8405539772725,-337.34073,127.56216,19.996397,39.549564,-5.5294576,13.952448,7.177322,11.657928,4.069215,4.8684096,5.349322,1.1814958,0.15343393,unripe
0.09682706,0.06114612926136364,1678.9516941202303,1876.1208347410254,3372.393243963068,-186.12807,129.85045,-10.85339,-7.080794,-49.10935,13.839472,4.2869673,16.894869,21.47222,11.577265,8.732659,10.368023,1.4284393,unripe
0.053918872,0.10047496448863637,2207.699381808257,2077.9379745188917,4635.511363636364,-230.26494,96.45207,-33.999004,-2.8741777,-61.1059,6.2229466,1.9412328,18.011305,16.335472,19.600441,14.739157,9.263265,-6.8607206,unripe
0.0477792,0.058061079545454544,1679.3042598707434,2249.715141175148,3332.26318359375,-312.10422,128.98453,19.33983,-2.1479628,-21.206081,0.22951628,8.623582,9.63511,4.735492,-0.18706803,3.807622,15.262043,7.8330235,unripe
0.027417785,0.14177911931818182,2202.1135767816772,2491.9490106187754,4533.718039772727,-413.32138,103.69226,31.48554,3.553562,-23.643452,-0.41246596,-0.67471147,9.6850195,7.330304,13.693465,4.424604,1.1302689,0.8921755,unripe
0.047165047,0.12668678977272727,1858.1675075837627,2053.53704680232,3461.46240234375,-364.7721,122.77237,-6.402951,-2.9738348,-24.36466,-8.912126,-15.758404,-1.7336993,0.83853525,6.747731,11.42423,11.147513,2.9478006,unripe
0.07654739,0.06256658380681818,1387.8571381161103,1667.9108910597513,2759.186345880682,-269.49393,146.77837,-19.877958,16.752483,-21.49488,6.568144,1.2064424,7.445467,10.510528,10.871306,11.363461,12.466747,-5.978398,unripe
0.032851692,0.06587357954545454,1508.793339540548,2200.6508331965374,3320.028409090909,-403.37646,118.3924,27.43735,22.505438,-1.9888482,20.413696,-6.5200725,-5.0418935,-2.7562048,0.78262657,0.9663686,5.372047,-3.5758376,unripe
0.06511916,0.08072176846590909,1409.3303448929532,1575.6061699278068,2638.3067737926135,-259.4538,162.14772,-8.446679,-23.312468,-52.53501,24.783607,2.603654,-5.9772754,6.9222455,1.95719,-3.4104936,9.391779,-5.216625,unripe
0.035561904,0.057816938920454544,1450.422378373061,1927.4031460799424,2869.29931640625,-344.4076,125.01792,0.29165736,17.66699,-17.116789,12.658691,12.297688,15.189252,5.4064083,2.9375114,5.5952125,10.466091,-1.4495595,unripe
0.06929893,0.05178000710227273,1670.2678926911199,2148.064645126666,3994.4091796875,-240.6022,124.07504,10.240469,14.111139,-34.862717,4.6947794,-16.092873,-5.162659,5.6527786,7.7540507,7.3194394,6.650725,7.1061587,unripe
0.08258708,0.06105735085227273,1717.4217625261247,2019.1213917746265,3296.5376420454545,-184.46532,128.94145,-18.13548,-8.566181,-27.322735,1.4382458,-9.853232,8.932452,-4.095519,7.345976,2.9173079,19.910658,8.384339,unripe
0.04198699,0.06114612926136364,1954.6059778538192,2273.1729751325242,4339.919211647727,-320.5679,99.27234,4.60314,30.968046,-17.078438,0.26237804,4.3182025,11.926996,5.5754123,3.2515795,-1.1792208,13.071003,-2.1241214,unripe
0.06349272,0.11343661221590909,2010.0276182993148,2204.2612900653385,4075.15869140625,-261.5285,112.57938,-5.4565883,9.10675,-25.778002,-1.2350894,-6.825256,8.836595,-3.7426252,9.080631,0.813319,11.852146,9.110053,unripe
0.07553088,0.08516068892045454,1499.6501387067285,1849.1698639136712,2741.568270596591,-229.31377,145.24223,8.067887,-12.092382,-60.28861,-4.2455435,-17.327705,13.807535,-1.4905407,6.167004,3.276316,6.292966,3.7585723,unripe
0.059341725,0.04725230823863636,1547.3978769362766,1850.9325521631554,3169.7853781960225,-244.45741,140.14427,-14.188305,7.1931653,-35.806816,19.513445,2.5958593,14.26924,4.4905825,-0.07887866,2.6734946,12.048896,2.6185503,unripe
0.04402326,0.05948153409090909,1385.4900263794818,1987.926497619677,2456.253329190341,-445.11053,125.40567,51.400944,0.70896304,-17.607182,-4.709953,-9.747987,11.610288,6.5902195,15.584906,10.455642,3.154376,5.772968,unripe
0.035250027,0.12171519886363637,1807.771733020404,2046.8543519822408,3361.626642400568,-368.4012,127.77302,4.263342,-5.0299106,-47.184505,3.985045,3.3567247,15.368392,7.9831085,1.8981665,0.2665372,6.325319,-2.9171674,unripe
0.06793595,0.06265536221590909,1188.3804472396746,1430.8453035103935,1711.8896484375,-256.12106,177.72214,-4.4803696,-28.435932,-46.833828,10.396229,-1.4624,3.5702622,-7.1702275,10.329192,11.171726,5.0151787,2.3830678,unripe
0.020924326,0.16768022017045456,2172.326871506078,2193.623884466283,4096.202503551136,-534.15405,87.280754,42.424057,44.96188,10.140392,11.414033,3.2772918,3.9811392,8.681776,7.6079707,11.631942,0.5489019,1.1815956,unripe
0.04536701,0.13978160511363635,1997.374395026356,2321.167666072877,4629.638671875,-351.61862,100.5147,15.702954,34.752285,-38.30626,3.5201795,-2.5713186,-5.031792,5.9859333,15.0212555,11.9782295,4.9305205,1.5974412,unripe
0.039556123,0.058061079545454544,1292.4397180350986,1755.4241333283767,2513.5120738636365,-458.28174,128.20973,46.25665,38.406197,4.9661407,14.178211,13.883158,9.210417,11.183201,6.6575847,1.0200608,-2.021547,7.831911,unripe
0.061592482,0.05091441761363636,1461.0815230713345,1834.7945568303885,3217.745694247159,-308.35895,133.64667,-12.8563385,24.455696,-14.28403,7.3793793,-4.4251604,9.492111,10.443701,3.214206,0.40898782,8.39513,4.3598924,unripe
0.07153439,0.09383877840909091,1881.7428050786198,2432.303655560884,4105.500932173295,-359.19397,89.87292,45.873203,30.531197,3.8571732,14.378881,0.2315816,3.1745987,7.837161,2.5382967,-2.3755877,14.901718,-4.223623,unripe
0.03623118,0.12648703835227273,2355.660041032822,2318.6150963986906,4538.12255859375,-397.06546,99.11006,16.945057,5.181196,-22.89005,19.810314,-6.849828,-0.96510637,6.145778,15.150344,7.4702897,10.982143,-1.9923782,unripe
0.064775236,0.06480823863636363,1853.644366838866,2269.67836589897,4016.4317737926135,-274.63675,112.29764,29.241638,30.015259,-31.308235,-1.3821921,-4.4186993,-11.927586,-5.955644,5.7707143,-3.3615386,7.250279,1.2396042,unripe
0.05474442,0.06265536221590909,1517.7600334616518,1899.9170594197494,3034.713467684659,-290.36108,139.96103,-3.3402529,3.5246544,-40.029366,-7.7710567,-10.774873,14.590753,10.945716,1.6266532,1.0919753,9.462829,-2.369068,unripe
0.045133237,0.08365145596590909,1582.6916573922404,1956.0879297609195,3528.508966619318,-357.43933,108.423416,-7.6993256,8.258467,-26.309393,5.0710855,-12.837622,10.072044,25.521013,16.839128,4.456222,10.261538,1.2655525,unripe
0.056963596,0.05373313210227273,1496.1035131000717,1901.2425012209976,3281.8559126420455,-296.62076,136.17062,-1.2314922,13.642666,-35.4599,13.59903,-3.2123322,7.1317754,12.628146,8.622574,-0.12112237,11.867581,0.011377096,unripe
0.056711935,0.15806995738636365,2325.284050952109,2268.2748101472603,4385.432572798295,-400.984,87.985886,22.951488,13.764535,-11.003614,3.821047,-0.19363798,1.7403197,8.36836,12.58005,3.738342,3.6621125,4.571733,unripe
0.0253326,0.11092862215909091,2248.4790603826173,2345.5758061642337,4786.243785511364,-411.68018,86.53616,-4.192864,21.275116,-23.237366,13.065885,8.064831,15.607845,14.619906,3.8224502,-0.12771577,9.268518,-4.5202665,unripe
0.06707818,0.08092151988636363,1679.0598640077435,2040.352907623969,3535.360440340909,-315.2013,121.35717,1.8294482,15.987534,-26.934248,0.51718336,2.9808676,3.0552673,-5.197163,-0.084383704,-2.7665184,4.6683607,5.0064383,unripe
0.028205292,0.06203391335227273,1990.4562640163174,2661.9372975137444,4829.310191761364,-466.9276,95.53435,47.125553,29.135592,-7.3569317,3.648915,2.3097703,13.697661,9.429507,10.867275,3.8742301,3.0656075,-4.870117,unripe
0.023801662,0.11283735795454546,2436.676221611656,2408.5438435825704,4829.310191761364,-425.01038,97.08247,-3.7296476,5.9414897,-11.2479725,16.020008,-7.6602354,2.944245,7.5034013,9.210778,-0.23543738,9.087266,11.357822,unripe
0.036398318,0.05111416903409091,1623.167363513108,2134.2718306686797,3399.309747869318,-416.24744,104.35396,17.5465,20.088182,-1.5627964,17.677177,10.867211,0.80834943,1.3742753,12.808032,25.018532,16.464233,-1.0504066,unripe
0.038623735,0.030229048295454544,1564.4801266160086,2155.141672400253,3364.56298828125,-430.11487,80.82407,31.68871,63.219643,31.686626,24.846697,13.749786,15.830949,17.658493,19.013273,6.29536,3.963269,0.5621881,unripe
0.042987715,0.09452681107954546,2211.6498606116947,2551.7409396221974,4973.680530894886,-393.92313,93.43992,23.207413,33.82693,-9.058658,6.206207,11.843295,-5.000288,-2.4991229,0.23632874,0.3310424,12.783658,-0.44141254,unripe
0.034568343,0.07637162642045454,1784.6236133906868,2047.5770100092625,3780.0559303977275,-335.1103,115.067604,-19.800755,4.5794497,-17.83415,10.874694,-4.707054,-3.0316696,0.5064717,10.938452,1.867125,8.149079,11.795847,unripe
0.06812018,0.06607333096590909,1852.0842839546247,2354.21023896176,4529.802911931818,-283.2153,97.66706,11.352224,14.386353,-9.350506,20.290335,-3.5167365,2.056442,9.121407,9.286287,3.723709,12.439425,4.848278,unripe
0.052038454,0.04856178977272727,1238.4281884403997,1901.2261443393238,2351.5236594460225,-347.80222,124.46782,17.859957,2.380535,-3.5999367,18.368479,10.879668,4.22903,5.8012757,8.850815,9.188706,12.162823,2.5985477,unripe
0.036213268,0.06760475852272728,1704.224298365788,2205.0996855296385,3867.1675248579545,-373.6798,111.99656,7.5232406,10.528149,-15.532706,18.736895,8.273195,20.572975,-4.5667257,0.6597861,-3.0072043,6.4932237,3.9825432,unripe
0.043465182,0.08198686079545454,1792.2658636714507,2329.50699004448,4112.841796875,-381.16016,99.30126,21.470154,14.0943575,-30.903479,-3.3652709,3.4849195,17.101982,20.526815,13.610909,3.3127878,13.502903,-4.084146,unripe
0.03616286,0.052290482954545456,1645.14370777926,2158.2760686206293,3845.144930752841,-395.33868,115.47209,16.92961,33.088966,-12.833576,-2.3893716,-10.605887,8.768823,14.442514,1.0700727,0.67732835,10.672586,-0.7187735,unripe
0.061608437,0.07730379971590909,1472.3147506638654,2087.4237993534425,3333.2419655539775,-319.75183,135.98268,35.635292,21.409544,-30.201027,-21.79618,-4.616738,4.946478,4.1754117,4.243692,0.4755514,7.734354,-3.4319558,unripe
0.07163136,0.06241122159090909,1481.6292079008197,1955.8479634535172,2670.6065784801135,-260.50882,137.813,9.229969,-19.090282,-41.768032,-11.615581,-9.113101,5.7960105,-0.36722356,12.899075,1.2303939,14.233692,7.251509,unripe
0.06548131,0.06740500710227272,1263.6968765443103,1684.3574650121873,2621.66748046875,-326.12338,152.97826,13.824677,35.552006,-29.917974,3.908199,6.2934494,-3.004473,-0.49470195,1.7651299,-3.805337,-1.2541305,2.6818135,unripe
0.05353749,0.034601384943181816,1353.5249984599486,2031.2175226936001,3082.184392755682,-344.08743,127.36733,21.427298,19.481052,-16.035591,5.374548,1.1881657,9.835926,6.995815,8.491832,5.7575345,9.415274,9.802543,unripe
0.04087681,0.10531338778409091,2060.2886210651304,2125.6694926043556,3886.7431640625,-382.11017,103.50842,0.13616374,21.109718,-10.6162405,-11.405674,3.9488604,15.915873,6.5502934,11.873635,5.3367023,14.2270775,4.6435704,unripe
0.045811035,0.05528675426136364,1019.4419666299701,1445.7716981661567,1833.7480024857955,-391.43097,148.88077,43.40462,33.93198,-24.255144,-21.264051,0.04697674,6.0750737,4.1247764,2.5175781,-2.266519,6.4323153,0.95314294,unripe
0.049050834,0.16142134232954544,2562.917445128701,2317.9146892255962,5242.845569957386,-351.5498,86.91867,-3.007549,43.39332,-33.90375,0.44903418,-7.6155014,-12.893029,5.0361633,5.976068,5.0175443,7.994511,4.890781,unripe
0.029125007,0.11399147727272728,1718.1061867156386,2063.107154344162,3267.1741832386365,-420.77356,124.88159,17.696318,15.275766,-12.334205,-2.986171,-20.681746,4.5536103,-1.5686641,0.73336405,7.0512743,12.801945,9.904862,unripe
0.07764924,0.05797230113636364,1393.7702985556155,1881.6805270469738,2723.9501953125,-269.44366,140.83546,32.529537,15.207725,-37.38855,-2.7690015,-25.211226,-13.64721,9.140064,6.5924077,-0.4854122,2.4240954,3.5444207,unripe
0.03484352,0.06651722301136363,1686.1981444482442,2233.8388027780325,3716.4351029829545,-370.56693,116.556915,17.864029,13.065603,-12.05788,7.149573,-5.7506876,3.9588256,0.883339,6.233708,16.3487,18.47015,3.9983575,unripe
0.050345074,0.044145063920454544,1645.820402798715,2340.2539449001556,3660.1551402698865,-332.34006,118.84067,24.28853,5.631318,-8.899863,4.2536387,-1.7692177,1.0332135,1.7248225,5.5036182,4.444516,12.828638,0.84419626,unripe
0.06202942,0.042680220170454544,1084.3141064722613,1537.2402259285366,1708.4639115767045,-347.42438,145.19586,5.4083314,14.561554,-20.471083,-10.341778,-4.7901583,25.454762,16.302427,14.230854,12.492185,6.355083,3.422541,unripe
0.053380635,0.048384232954545456,1632.2769267341778,2048.6752891605965,3870.59326171875,-281.10428,124.39771,1.5527233,31.249748,-25.642403,4.9601674,-8.3028345,-6.197691,8.864854,9.829211,7.1829696,11.045734,-6.702344,unripe
0.048398305,0.08507191051136363,2009.6120043802002,2328.5096319169043,4454.926091974432,-362.95227,96.305855,4.768577,-1.6371883,-42.03569,5.2200246,12.071124,12.147885,10.515715,18.510809,5.810802,5.806117,0.96019244,unripe
0.031967133,0.08010031960227272,2027.1892416403082,2368.0187712351963,3961.6199840198865,-404.4295,106.19665,14.000458,3.2208266,-2.2374048,9.368217,5.4189,2.0866055,2.0660326,5.9555893,4.306284,4.802545,3.7613013,unripe
0.030993609,0.09914328835227272,1413.074200061226,1945.178479089286,2914.3232865767045,-477.30557,121.06167,43.018677,15.241366,-11.3095455,5.155344,-2.0689123,10.645399,7.883032,5.8532014,2.3649344,5.5790863,9.395104,unripe
0.072557196,0.053666548295454544,1172.9266380230576,1541.8383994971346,1898.837002840909,-264.5854,163.56006,4.6814027,17.550928,-47.008533,-4.1965175,-19.175596,4.6151543,5.932077,-6.091623,-5.145312,3.8103402,-0.91773415,unripe
